Angular frequency (rad/s),Step time (min),Temperature (degC),Oscillation strain (%),Oscillation stress (Mpa),Tan(delta),Storage modulus (Mpa),Loss modulus (Mpa)
6.28319,538.005,35,0.360709,4.60086,0.108677,1268.04,137.807
13.5367,550.825,35,0.344597,4.60382,0.107522,1328.35,142.827
29.164,563.415,35,0.32955,4.60792,0.105909,1390.47,147.263
62.8319,575.676,35.01,0.31702,4.63388,0.104262,1453.82,151.578
135.367,589.014,35.01,0.311844,4.7542,0.102449,1516.61,155.375
291.64,602.496,35.01,0.340285,5.37796,0.102192,1572.24,160.67
628.318,615.879,35.03,0.501401,7.98025,0.100935,1583.54,159.835
6.28319,11.5894,39.99,0.423484,4.6008,0.125804,1077.92,135.606
13.5367,24.4084,39.99,0.40102,4.60388,0.122674,1139.5,139.787
29.164,36.9925,39.99,0.380542,4.60881,0.119532,1202.56,143.744
62.8319,49.2532,39.99,0.363851,4.63839,0.116639,1266.22,147.691
135.367,62.589,39.99,0.356969,4.77502,0.113939,1329.06,151.432
291.64,76.0717,40,0.39473,5.49569,0.113123,1383.44,156.5
628.318,89.4545,40.02,0.500475,7.08421,0.112802,1406.58,158.664
6.28319,11.5033,44.98,0.499762,4.51798,0.153489,893.563,137.152
13.5367,24.3214,44.98,0.475738,4.60409,0.146291,957.585,140.086
29.164,36.9147,44.98,0.446616,4.61,0.140153,1022.22,143.267
62.8319,49.1765,44.98,0.423557,4.64416,0.135053,1086.6,146.749
135.367,62.5138,44.98,0.414195,4.80133,0.130649,1149.43,150.172
291.64,75.9966,44.99,0.466639,5.65003,0.128883,1200.86,154.77
628.318,89.3795,45.04,0.498862,6.08781,0.131209,1209.97,158.759
6.28319,11.5837,49.94,0.499489,3.71471,0.181878,731.698,133.08
13.5367,24.4189,49.94,0.499703,4.02154,0.171156,793.252,135.77
29.164,37.0102,49.94,0.499826,4.32119,0.162388,853.361,138.575
62.8319,49.277,49.94,0.499938,4.6147,0.155435,912.101,141.773
135.367,62.6144,49.95,0.493268,4.8376,0.149666,969.922,145.165
291.64,76.0973,49.96,0.500113,5.17027,0.146981,1022.83,150.337
628.318,99.5493,49.98,0.500971,5.46172,0.143879,1079.11,155.262
6.28319,11.5873,54.94,0.499486,3.18426,0.200544,625.062,125.352
13.5367,24.4151,54.94,0.49974,3.46729,0.188495,681.812,128.518
29.164,37.0074,54.94,0.499844,3.74224,0.178665,737.011,131.678
62.8319,49.2748,54.95,0.500003,4.01264,0.170897,791.055,135.189
135.367,62.621,54.95,0.500003,4.27509,0.164432,843.682,138.728
291.64,76.1036,54.97,0.500057,4.52458,0.161463,893.244,144.226
628.318,99.5555,54.99,0.493139,4.74445,0.157178,950.422,149.385
6.28319,11.6252,59.95,0.499488,2.7239,0.219981,532.604,117.163
13.5367,24.4609,59.95,0.499777,2.98754,0.206549,585.417,120.917
29.164,37.0566,59.95,0.499875,3.24433,0.195476,636.974,124.513
62.8319,49.3276,59.96,0.500036,3.49844,0.186671,687.758,128.385
135.367,62.6765,59.96,0.50001,3.74539,0.179483,737.281,132.329
291.64,76.1584,59.98,0.500047,3.97936,0.176057,783.743,137.984
628.319,102.045,60,0.495189,4.21024,0.171892,837.941,144.035
6.28319,11.5911,64.95,0.499441,2.29886,0.242924,447.279,108.655
13.5367,24.4143,64.96,0.499777,2.54622,0.227957,496.728,113.232
29.164,37.0135,64.96,0.499886,2.78961,0.215315,545.546,117.464
62.8319,49.2879,64.96,0.500069,3.03224,0.205214,593.986,121.894
135.367,62.637,64.97,0.500042,3.26856,0.197009,641.33,126.347
291.64,76.1189,64.98,0.500021,3.49397,0.192624,686.151,132.169
628.319,100.616,65,0.495752,3.72396,0.186236,738.476,137.531
6.28319,11.4468,69.97,0.499094,1.87645,0.272083,362.782,98.7068
13.5367,24.2803,69.98,0.499618,2.11395,0.254735,410.02,104.446
29.164,36.8697,69.98,0.499794,2.34773,0.239787,456.79,109.532
62.8319,49.1446,69.98,0.500014,2.58211,0.227801,503.509,114.7
135.367,62.4932,69.98,0.499994,2.81226,0.218129,549.537,119.87
291.64,75.9756,69.99,0.499894,3.02986,0.212484,592.864,125.974
628.318,99.6846,70,0.49673,3.26871,0.20475,644.671,131.996
6.28319,11.5418,74.96,0.49929,1.53955,0.299912,295.351,88.5793
13.5367,23.9056,74.96,0.499733,1.7525,0.282054,337.519,95.1986
29.164,36.4964,74.97,0.499861,1.96858,0.266149,380.576,101.29
62.8319,48.763,74.97,0.500066,2.1899,0.252931,424.553,107.383
135.367,62.1082,74.98,0.500034,2.40922,0.242225,468.271,113.427
291.64,75.5901,74.99,0.499847,2.61604,0.235355,509.448,119.901
628.318,99.1341,75.01,0.498093,2.86257,0.231305,559.922,129.513
6.28319,11.2907,79.95,0.499215,1.21643,0.334173,231.106,77.2293
13.5367,23.6608,79.96,0.499695,1.40811,0.315697,268.721,84.8344
29.164,36.2516,79.96,0.499838,1.60736,0.298675,308.127,92.0297
62.8319,48.4191,79.97,0.500083,1.81512,0.284032,349.153,99.1704
135.367,61.7248,79.98,0.50003,2.02415,0.272099,390.604,106.283
291.64,75.2072,79.99,0.49964,2.21837,0.263677,429.32,113.202
628.318,98.6901,80.01,0.498346,2.46235,0.25997,478.209,124.32
6.28319,11.2165,84.95,0.499145,0.93526,0.370873,175.68,65.1549
13.5367,23.5763,84.96,0.499653,1.10289,0.353099,208.138,73.4933
29.164,36.1657,84.96,0.499811,1.28203,0.335829,243.157,81.6592
62.8319,48.3312,84.97,0.500084,1.47322,0.320306,280.554,89.8632
135.367,61.6379,84.98,0.500005,1.67,0.307048,319.285,98.0359
291.64,75.2502,84.99,0.499277,1.84833,0.297526,354.829,105.571
628.318,98.7741,85.01,0.498791,2.08853,0.29378,401.741,118.023
6.28319,11.2726,89.95,0.499063,0.700042,0.406813,129.931,52.8577
13.5367,23.6389,89.96,0.499604,0.841291,0.392146,156.769,61.4762
29.164,36.2297,89.96,0.499772,0.997196,0.376343,186.743,70.2796
62.8319,48.403,89.97,0.500072,1.16858,0.361107,219.791,79.3682
135.367,61.6994,89.98,0.49997,1.34962,0.346862,255.034,88.4616
291.64,75.0954,90,0.499724,1.50951,0.337668,286.193,96.6383
628.318,98.5285,90.01,0.499139,1.73142,0.324882,329.908,107.181
6.28319,11.1684,94.95,0.499664,0.412898,0.463526,74.9725,34.7517
13.5367,23.5325,94.95,0.499883,0.510011,0.457921,92.7629,42.4781
29.164,36.1242,94.96,0.499925,0.626132,0.447685,114.313,51.176
62.8319,49.1922,94.97,0.500045,0.76245,0.434409,139.851,60.7523
135.367,62.4886,94.98,0.500008,0.915484,0.418954,168.872,70.7498
291.64,86.0911,94.99,0.497459,1.09391,0.400975,204.103,81.8402
628.318,109.398,95.01,0.499415,1.286,0.390337,239.875,93.6323
6.28319,11.4633,99.94,0.499478,0.292082,0.472078,52.8811,24.964
13.5367,23.8345,99.95,0.499782,0.364729,0.480083,65.7888,31.5841
29.164,36.2128,99.96,0.499861,0.454451,0.48112,81.9266,39.4165
62.8319,49.2782,99.97,0.499983,0.56411,0.476961,101.835,48.5716
135.367,62.4921,99.98,0.499961,0.692357,0.467905,125.431,58.6897
291.64,85.9765,99.99,0.498617,0.848211,0.452712,154.972,70.1577
628.318,109.488,100.01,0.499531,1.03182,0.470325,186.916,87.9114
6.28319,11.4886,104.94,0.499599,0.213253,0.4678,38.6635,18.0868
13.5367,23.8545,104.95,0.499843,0.266464,0.488556,47.8987,23.4012
29.164,36.2308,104.96,0.499897,0.334059,0.501826,59.7269,29.9725
62.8319,49.1951,104.97,0.500014,0.419539,0.508776,74.783,38.0478
135.367,62.4078,104.98,0.499974,0.522684,0.509057,93.1656,47.4265
291.64,85.9204,105,0.499359,0.653306,0.499454,117.042,58.4572
628.318,99.3238,105.01,0.499646,0.810662,0.529857,143.366,75.9635
6.28319,11.6263,109.93,0.499734,0.15718,0.451822,28.6629,12.9505
13.5367,23.993,109.94,0.499893,0.195389,0.484199,35.1793,17.0338
29.164,36.3682,109.96,0.499922,0.245021,0.509233,43.675,22.2408
62.8319,49.3311,109.97,0.500048,0.309526,0.52855,54.7254,28.9251
135.367,62.4461,109.98,0.500427,0.389888,0.540773,68.5321,37.0603
291.64,86.0225,110,0.499512,0.49476,0.538856,87.1951,46.9856
628.318,99.3956,110.01,0.495639,0.611891,0.553283,108.023,59.7674
6.28319,11.5122,114.93,0.499765,0.117367,0.426439,21.6023,9.21205
13.5367,23.8814,114.94,0.499922,0.144683,0.46792,26.2134,12.2658
29.164,36.2578,114.95,0.499948,0.180564,0.503696,32.2558,16.2471
62.8319,49.2227,114.97,0.500071,0.228176,0.53526,40.2283,21.5326
135.367,63.1739,114.98,0.50304,0.290165,0.560622,50.3149,28.2077
291.64,85.8225,115,0.499592,0.370558,0.568801,64.4723,36.6719
628.319,113.05,115.02,0.481783,0.448099,0.603737,79.6225,48.0711
6.28319,11.9633,119.93,0.499822,0.0894504,0.395292,16.6433,6.57897
13.5367,24.3246,119.94,0.499937,0.108803,0.443359,19.8955,8.82087
29.164,36.7006,119.95,0.499958,0.134601,0.487605,24.199,11.7996
62.8319,49.6659,119.96,0.500107,0.169366,0.530012,29.9229,15.8595
135.367,72.8466,119.99,0.499432,0.214868,0.567485,37.4174,21.2338
291.64,96.4438,120,0.49969,0.277363,0.587039,47.8684,28.1006
628.319,123.592,120.03,0.472602,0.348751,0.731301,59.5653,43.5602
6.28319,11.7317,124.92,0.499867,0.0695816,0.360098,13.0968,4.71613
13.5367,24.1008,124.94,0.499956,0.0834182,0.413203,15.4205,6.37181
29.164,36.26,124.95,0.499965,0.101988,0.464048,18.5038,8.58662
62.8319,49.2229,124.96,0.500145,0.12729,0.515664,22.6203,11.6645
135.367,72.1667,124.99,0.499888,0.160628,0.564861,27.9779,15.8036
291.64,85.6706,125,0.499754,0.20735,0.594669,35.6614,21.2067
628.319,112.848,125.02,0.465747,0.261394,0.798353,43.8603,35.016
6.28319,11.059,129.92,0.49987,0.0550929,0.323462,10.4865,3.39199
13.5367,23.4237,129.93,0.499949,0.0650157,0.37981,12.1571,4.6174
29.164,35.7983,129.95,0.49996,0.07839,0.435601,14.3747,6.26162
62.8319,48.662,129.96,0.50015,0.0968093,0.494806,17.3485,8.58414
135.367,71.6557,129.99,0.499953,0.120997,0.554053,21.1696,11.7291
291.64,85.0951,130,0.499779,0.155873,0.59166,26.842,15.8814
628.319,112.313,130.02,0.460911,0.183346,0.710436,32.4284,23.0383
6.28319,11.4438,134.91,0.499922,0.0444522,0.285857,8.54938,2.4439
13.5367,23.8134,134.93,0.49996,0.051581,0.344216,9.75528,3.35793
29.164,35.9745,134.94,0.499956,0.0612353,0.403788,11.3572,4.58592
62.8319,48.8481,134.96,0.499998,0.0745946,0.469413,13.5051,6.33946
135.367,72.206,134.99,0.499956,0.0919877,0.538945,16.1967,8.72911
291.64,85.7958,135,0.499743,0.117924,0.582104,20.3935,11.8711
628.319,112.914,135.02,0.457126,0.152386,0.992698,23.6582,23.4854
6.28319,11.4967,139.91,0.499893,0.0367867,0.246738,7.14465,1.76285
13.5367,23.8663,139.93,0.499904,0.0419506,0.305417,8.02576,2.4512
29.164,36.027,139.94,0.4999,0.0489427,0.367126,9.19071,3.37415
62.8319,58.5948,139.97,0.498427,0.0586566,0.436916,10.784,4.71169
135.367,81.8663,140,0.49998,0.0713412,0.515351,12.6836,6.5365
291.64,95.4562,140.01,0.499771,0.090864,0.562738,15.8446,8.91638
628.319,122.655,140.03,0.454731,0.102181,0.773703,17.7724,13.7505
6.28319,11.5725,144.91,0.499734,0.0332476,0.200014,6.52384,1.30486
13.5367,23.9426,144.92,0.499805,0.0371202,0.255676,7.19548,1.83971
29.164,36.1018,144.94,0.49977,0.042323,0.316744,8.0732,2.55713
62.8319,58.7585,144.97,0.500219,0.0499183,0.389582,9.29857,3.62256
135.367,82.0197,145,0.500002,0.0592125,0.474681,10.6983,5.0783
291.64,95.6315,145.01,0.499809,0.0746246,0.526808,13.2097,6.95897
628.319,122.78,145.03,0.45325,0.0816693,0.786305,14.1643,11.1374
6.28319,11.9154,149.9,0.499676,0.0331326,0.15384,6.55371,1.00822
13.5367,24.7455,149.92,0.499697,0.0361563,0.20295,7.09108,1.43913
29.164,36.9047,149.94,0.499646,0.0402121,0.259963,7.78921,2.02491
62.8319,59.9721,149.97,0.500053,0.0462228,0.33173,8.77343,2.91042
135.367,83.2377,150,0.50002,0.0533736,0.418646,9.84627,4.1221
291.64,96.849,150.01,0.499754,0.0660121,0.474573,11.9333,5.66321
628.319,124.057,150.03,0.452117,0.0665101,0.821093,11.3693,9.33526
6.28319,11.6038,154.9,0.499666,0.0358343,0.123986,7.11716,0.882426
13.5367,24.4339,154.92,0.499633,0.0384481,0.166142,7.5912,1.26121
29.164,36.5921,154.94,0.499522,0.0419701,0.216909,8.21112,1.78107
62.8319,59.6594,154.97,0.500274,0.0473415,0.283647,9.10397,2.58231
135.367,82.9212,155,0.500064,0.0535293,0.366199,10.0517,3.68093
291.64,96.512,155.01,0.499799,0.0648041,0.423343,11.9401,5.05477
628.319,123.619,155.03,0.452207,0.0652022,0.74432,11.5664,8.60909
6.28319,11.5303,159.92,0.499518,0.0410385,0.123382,8.1538,1.00603
13.5367,23.8897,159.94,0.499599,0.0439725,0.161837,8.68851,1.40612
29.164,36.0469,159.96,0.499533,0.0478357,0.207809,9.37577,1.94837
62.8319,59.1035,159.99,0.499797,0.053657,0.267386,10.3714,2.77317
135.367,82.376,160.01,0.500076,0.0603855,0.340565,11.4306,3.89285
291.64,95.9873,160.02,0.4998,0.0720074,0.392244,13.4124,5.26091
